variant,controller,postkick_peak_angle_deg,pulse_peak_angle_deg,pulse_peak_x_m,final_x_m,final_angle_deg,postkick_rms_force_N,pulse_angle_settle_s,pulse_x_settle_s,first90deg_s
previous,PI,16.7153794680337,14.0030684811068,1.06562187768526,-1.05062083137457,-1.55809496093727,3.29096276122809,NaN,NaN,NaN
previous,LQR,0.704581937303759,0.629183441626081,0.00810684942145793,4.31146881009333e-10,-4.9796113280014e-08,0.0980245621213111,0,0,NaN
previous,RLS_DOB,8.53011484741232,1.82174782139859,0.0450056859609984,-0.202239263706968,-8.42188093445036,2.03793777080666,NaN,NaN,NaN
previous,ESO,1.35160782402211,1.18674324177571,0.0166100144862664,-1.61221720608387,-0.0003581586284879,0.171885775531412,0.063600000000001,2.2479,NaN
previous,P_only,9.95170180473178,6.08870725307972,1.59317872073467,-1.77257359505856,-7.48347929571341,2.34793767896886,NaN,NaN,NaN
previous,Fixed_inverse,1.08018824402127,1.08798917943935,0.0190096241609231,0.976084120233187,-0.0793405586659981,0.100053227869531,0.501100000000001,NaN,NaN
discrete_2ms,PI,16.7154735361309,14.0030950505008,1.06562208973598,-1.05062082845438,-1.55809507611145,3.29096051439012,NaN,NaN,NaN
discrete_2ms,LQR,0.704589449670139,0.6292051010769,0.00810685044047269,4.31146899236517e-10,-4.97961136543865e-08,0.0980245622876728,0,0,NaN
discrete_2ms,RLS_DOB,8.53013667095002,1.821752432415,0.0450056856637378,-0.202239262885217,-8.42188094238396,2.03793496889498,NaN,NaN,NaN
discrete_2ms,ESO,1.35165190073706,1.18674454275277,0.0166100144857553,-1.61221720607643,-0.000358158621191544,0.171885785061941,0.063600000000001,2.248,NaN
discrete_2ms,P_only,9.95170385315237,6.08873747281144,1.59317871462021,-1.77257358894419,-7.48347924043624,2.34793557067769,NaN,NaN,NaN
discrete_2ms,Fixed_inverse,1.08018966488528,1.08799130691847,0.0190096241786656,0.976084120216021,-0.0793405586442641,0.100053261107788,0.501100000000001,NaN,NaN
discrete_01ms,PI,5.26040209531134,3.24226302244318,0.91319577555733,-1.02173197936382,-1.96046803685288,0.868316990609609,NaN,NaN,NaN
discrete_01ms,LQR,0.662516527435544,0.612401124598191,0.00811558988638566,4.24295418748571e-10,-5.22051293859749e-08,0.0954978919087922,0,0,NaN
discrete_01ms,RLS_DOB,3.64299617357711,1.55234876455519,0.0208029228389021,-0.168324074899259,-0.736466573348821,0.562261611759797,3.701,NaN,NaN
discrete_01ms,ESO,1.22479489113461,1.14313677113871,0.0162414365820832,-0.949217874390976,-0.000154586598854162,0.157828327046581,0.0593000000000004,2.24,NaN
discrete_01ms,P_only,5.00060090916043,3.24824958981225,1.47135505893368,-1.62288964834119,-1.09771834030834,0.716327246091411,9.9728,NaN,NaN
discrete_01ms,Fixed_inverse,0.95418479933992,1.06064163821355,0.0189343515397665,0.531337363253921,-0.0456732445798404,0.103384427001979,0.489600000000001,NaN,NaN
